uraian pekerjaan,section,pekerjaan,satuan,volume,harga satuan,nilai,bobot
"Papan nama proyek multiplek 9mm, 60x90 cm (finish digital printing)",I.,PEKERJAAN PERSIAPAN,bh,1,190041.3696,190041.3696,0.0040
Retribusi IMB,I.,PEKERJAAN PERSIAPAN,ls,1,0,0,0.0000
Pembersihan Lokasi & Pemotongan Pohon,I.,PEKERJAAN PERSIAPAN,ls,1,2000000,2000000,0.0419
Sewa Kantor Direksi Keet ,I.,PEKERJAAN PERSIAPAN,ls,1,12000000,12000000,0.2513
Sewa Gudang bahan,I.,PEKERJAAN PERSIAPAN,ls,1,5000000,5000000,0.1047
Sewa Barak Pekerja,I.,PEKERJAAN PERSIAPAN,ls,1,15000000,15000000,0.3141
Listrik (genset 5kva 2 unit)/Penyediaan listik kerja selama pekerjaan berlangsung,I.,PEKERJAAN PERSIAPAN,ls,1,4000000,4000000,0.0838
Air kerja (penyediaan air kerja selama pekerjaan berlangsung),I.,PEKERJAAN PERSIAPAN,ls,1,1000000,1000000,0.0209
Mobilisasi alat,I.,PEKERJAAN PERSIAPAN,ls,1,5000000,5000000,0.1047
Sewa Pompa beton Concrete Pump (slang + pompa),I.,PEKERJAAN PERSIAPAN,ls,1,7500000,7500000,0.1570
"Sewa Pagar Pengaman Proyek Seng gelombang, t=2m rangka kayu usuk 5/7 cm",I.,PEKERJAAN PERSIAPAN,m1,46,175000,8050000,0.1686
Pengukuran kembali lokasi pekerjaan,I.,PEKERJAAN PERSIAPAN,ls,1,1500000,1500000,0.0314
Pekerjaan Bowplank,II.,PEKERJAAN TANAH DAN PONDASI,ls,1,3000000,3000000,0.0628
Pengeboran Strousse menggunakan alat (Pondasi Strousse  (dia30 - 500 cm )),II.,PEKERJAAN TANAH DAN PONDASI,ttk,108,125000,13500000,0.2827
Pembesian (besi polos) (Pondasi Strousse  (dia30 - 500 cm )),II.,PEKERJAAN TANAH DAN PONDASI,kg,5500.872,11196.075,61588175.48,1.2896
Cor Beton K.250 (Pondasi Strousse  (dia30 - 500 cm )),II.,PEKERJAAN TANAH DAN PONDASI,m3,38.151,973704.9972,37147819.35,0.7779
Galian Tanah Piel Cap (Pondasi Foot Plat P1 (60x140x140cm)),II.,PEKERJAAN TANAH DAN PONDASI,m3,56.448,73150,4129171.2,0.0865
Bekisting (Pondasi Foot Plat P1 (60x140x140cm)),II.,PEKERJAAN TANAH DAN PONDASI,m2,120.96,154133.1,18643939.78,0.3904
Pembesian (besi ulir) (Pondasi Foot Plat P1 (60x140x140cm)),II.,PEKERJAAN TANAH DAN PONDASI,kg,3537.936,11629.2,41143365.33,0.8615
Cor Beton K.250 (Pondasi Foot Plat P1 (60x140x140cm)),II.,PEKERJAAN TANAH DAN PONDASI,m3,42.336,973704.9972,41222774.76,0.8632
Pas. Batu Kosong (Anstamping),II.,PEKERJAAN TANAH DAN PONDASI,m3,26.9934,456473.82,12321780.41,0.2580
Galian Pondasi (Pas. Pondasi Batu kali ),II.,PEKERJAAN TANAH DAN PONDASI,m3,87.72855,73150,6417343.433,0.1344
Pas. Batu kali  1 Pc : 4Psr (Pas. Pondasi Batu kali ),II.,PEKERJAAN TANAH DAN PONDASI,m3,69.4116,758873.94,52674654.37,1.1030
Pas. Bata merah (dudukan rabat beton keliling),II.,PEKERJAAN TANAH DAN PONDASI,m2,86.016,111288.3318,9572577.147,0.2004
Bekisting (Beton Sloof S1 20 x 40 cm),II.,PEKERJAAN TANAH DAN PONDASI,m2,159.6,122876.05,19611017.58,0.4106
Pembesian (besi ulir) (Beton Sloof S1 20 x 40 cm),II.,PEKERJAAN TANAH DAN PONDASI,kg,1659.84,11629.2,19302611.33,0.4042
Pembesian (besi polos) (Beton Sloof S1 20 x 40 cm),II.,PEKERJAAN TANAH DAN PONDASI,kg,570.57,11196.075,6388144.513,0.1338
Cor Beton K.250 (Beton Sloof S1 20 x 40 cm),II.,PEKERJAAN TANAH DAN PONDASI,m3,15.96,973704.9972,15540331.76,0.3254
Bekisting (Beton Sloof S2  15 x 25 cm),II.,PEKERJAAN TANAH DAN PONDASI,m2,22.28,122876.05,2737678.394,0.0573
Pembesian (besi polos) (Beton Sloof S2  15 x 25 cm),II.,PEKERJAAN TANAH DAN PONDASI,kg,299.7248,11196.075,3355741.34,0.0703
Cor Beton K.250 (Beton Sloof S2  15 x 25 cm),II.,PEKERJAAN TANAH DAN PONDASI,m3,1.671,973704.9972,1627061.05,0.0341
Rabat beton tebal 7 cm (Plat Lantai Kerja tbl = 7 cm Elevasi ± 0.00),II.,PEKERJAAN TANAH DAN PONDASI,m2,37.100616,780977.45,28974744.48,0.6067
Lantai Kerja Bawah Pondasi t=5 cm,II.,PEKERJAAN TANAH DAN PONDASI,m3,3.528,780977.45,2755288.444,0.0577
Urugan Pasir Bawah Pondasi tbl 5 cm,II.,PEKERJAAN TANAH DAN PONDASI,m3,3.528,197560,696991.68,0.0146
Urugan Tanah Sirtu 80 cm  peninggian(Dipadatkan Tiap 20 cm Dengan Stamper),II.,PEKERJAAN TANAH DAN PONDASI,m3,386.906424,269337.266,104208318.4,2.1821
Bekisting (Kolom K1 40x40 cm Elv.0.00),III. PEKERJAAN LANTAI I,A. PEKERJAAN STRUKTUR LT. I Elv. 0.00 s/d 4.00,m2,276.48,186029.8,51433519.1,1.0770
Pembesian (besi ulir) (Kolom K1 40x40 cm Elv.0.00),III. PEKERJAAN LANTAI I,A. PEKERJAAN STRUKTUR LT. I Elv. 0.00 s/d 4.00,kg,3958.848,11629.2,46038235.16,0.9640
Pembesian (besi polos) (Kolom K1 40x40 cm Elv.0.00),III. PEKERJAAN LANTAI I,A. PEKERJAAN STRUKTUR LT. I Elv. 0.00 s/d 4.00,kg,651.456,11196.075,7293750.235,0.1527
Cor Beton K.250 (Kolom K1 40x40 cm Elv.0.00),III. PEKERJAAN LANTAI I,A. PEKERJAAN STRUKTUR LT. I Elv. 0.00 s/d 4.00,m3,27.648,973704.9972,26920995.76,0.5637
Bekisting (Balok B1 30x65 cm Elv.4.00),III. PEKERJAAN LANTAI I,A. PEKERJAAN STRUKTUR LT. I Elv. 0.00 s/d 4.00,m2,43.52,189371.05,8241428.096,0.1726
Pembesian (besi ulir) (Balok B1 30x65 cm Elv.4.00),III. PEKERJAAN LANTAI I,A. PEKERJAAN STRUKTUR LT. I Elv. 0.00 s/d 4.00,kg,657.28,11629.2,7643640.576,0.1601
Pembesian (besi polos) (Balok B1 30x65 cm Elv.4.00),III. PEKERJAAN LANTAI I,A. PEKERJAAN STRUKTUR LT. I Elv. 0.00 s/d 4.00,kg,174.72,11196.075,1956178.224,0.0410
Cor Beton K.250 (Balok B1 30x65 cm Elv.4.00),III. PEKERJAAN LANTAI I,A. PEKERJAAN STRUKTUR LT. I Elv. 0.00 s/d 4.00,m3,5.088,973704.9972,4954211.026,0.1037
Bekisting (Balok B1A 30x65 cm Elv.4.00),III. PEKERJAAN LANTAI I,A. PEKERJAAN STRUKTUR LT. I Elv. 0.00 s/d 4.00,m2,12.58,189371.05,2382287.809,0.0499
Pembesian (besi ulir) (Balok B1A 30x65 cm Elv.4.00),III. PEKERJAAN LANTAI I,A. PEKERJAAN STRUKTUR LT. I Elv. 0.00 s/d 4.00,kg,219.225,11629.2,2549411.37,0.0534
Pembesian (besi polos) (Balok B1A 30x65 cm Elv.4.00),III. PEKERJAAN LANTAI I,A. PEKERJAAN STRUKTUR LT. I Elv. 0.00 s/d 4.00,kg,63.13125,11196.075,706822.2098,0.0148
Cor Beton K.250 (Balok B1A 30x65 cm Elv.4.00),III. PEKERJAAN LANTAI I,A. PEKERJAAN STRUKTUR LT. I Elv. 0.00 s/d 4.00,m3,1.47075,973704.9972,1432076.625,0.0300
Bekisting (Balok B2 20x45 cm Elv.4.00),III. PEKERJAAN LANTAI I,A. PEKERJAAN STRUKTUR LT. I Elv. 0.00 s/d 4.00,m2,199.52,189371.05,37783311.9,0.7912
Pembesian (besi ulir) (Balok B2 20x45 cm Elv.4.00),III. PEKERJAAN LANTAI I,A. PEKERJAAN STRUKTUR LT. I Elv. 0.00 s/d 4.00,kg,2895.36,11629.2,33670720.51,0.7050
Pembesian (besi polos) (Balok B2 20x45 cm Elv.4.00),III. PEKERJAAN LANTAI I,A. PEKERJAAN STRUKTUR LT. I Elv. 0.00 s/d 4.00,kg,693.68,11196.075,7766493.306,0.1626
Cor Beton K.250 (Balok B2 20x45 cm Elv.4.00),III. PEKERJAAN LANTAI I,A. PEKERJAAN STRUKTUR LT. I Elv. 0.00 s/d 4.00,m3,15.312,973704.9972,14909370.92,0.3122
Bekisting (Balok B3 20x40 cm Elv.4.00),III. PEKERJAAN LANTAI I,A. PEKERJAAN STRUKTUR LT. I Elv. 0.00 s/d 4.00,m2,84.664,189371.05,16032910.58,0.3357
Pembesian (besi ulir) (Balok B3 20x40 cm Elv.4.00),III. PEKERJAAN LANTAI I,A. PEKERJAAN STRUKTUR LT. I Elv. 0.00 s/d 4.00,kg,1042.704,11629.2,12125813.36,0.2539
Pembesian (besi polos) (Balok B3 20x40 cm Elv.4.00),III. PEKERJAAN LANTAI I,A. PEKERJAAN STRUKTUR LT. I Elv. 0.00 s/d 4.00,kg,304.122,11196.075,3404972.721,0.0713
Cor Beton K.250 (Balok B3 20x40 cm Elv.4.00),III. PEKERJAAN LANTAI I,A. PEKERJAAN STRUKTUR LT. I Elv. 0.00 s/d 4.00,m3,6.2384,973704.9972,6074361.255,0.1272
Bekisting (Balok B4 15x30 cm Elv.4.00),III. PEKERJAAN LANTAI I,A. PEKERJAAN STRUKTUR LT. I Elv. 0.00 s/d 4.00,m2,4.08,189371.05,772633.884,0.0162
Pembesian (besi polos) (Balok B4 15x30 cm Elv.4.00),III. PEKERJAAN LANTAI I,A. PEKERJAAN STRUKTUR LT. I Elv. 0.00 s/d 4.00,kg,72.56,11196.075,812387.202,0.0170
Cor Beton K.250 (Balok B4 15x30 cm Elv.4.00),III. PEKERJAAN LANTAI I,A. PEKERJAAN STRUKTUR LT. I Elv. 0.00 s/d 4.00,m3,0.216,973704.9972,210320.2794,0.0044
Bekisting (Plat Lantai Tebal 12 cm  Elv.4.00),III. PEKERJAAN LANTAI I,A. PEKERJAAN STRUKTUR LT. I Elv. 0.00 s/d 4.00,m2,368.748,205829.8,75899327.09,1.5893
Pembesian (besi polos) (Plat Lantai Tebal 12 cm  Elv.4.00),III. PEKERJAAN LANTAI I,A. PEKERJAAN STRUKTUR LT. I Elv. 0.00 s/d 4.00,kg,3641.4336,11196.075,40769763.69,0.8537
Cor Beton K.250 (Plat Lantai Tebal 12 cm  Elv.4.00),III. PEKERJAAN LANTAI I,A. PEKERJAAN STRUKTUR LT. I Elv. 0.00 s/d 4.00,m3,98.12976,973704.9972,95549437.69,2.0008
Bekisting (Balok Bordes 15x30 cm ),III. PEKERJAAN LANTAI I,A. PEKERJAAN STRUKTUR LT. I Elv. 0.00 s/d 4.00,m2,5.304,205829.8,1091721.259,0.0229
Pembesian (besi polos) (Balok Bordes 15x30 cm ),III. PEKERJAAN LANTAI I,A. PEKERJAAN STRUKTUR LT. I Elv. 0.00 s/d 4.00,kg,94.57066667,11196.075,1058820.277,0.0222
Cor Beton K.250 (Balok Bordes 15x30 cm ),III. PEKERJAAN LANTAI I,A. PEKERJAAN STRUKTUR LT. I Elv. 0.00 s/d 4.00,m3,0.2808,973704.9972,273416.3632,0.0057
Bekisting (Plat Tangga Tebal 12 cm),III. PEKERJAAN LANTAI I,A. PEKERJAAN STRUKTUR LT. I Elv. 0.00 s/d 4.00,m2,35.022,205829.8,7208571.256,0.1509
Pembesian (besi polos) (Plat Tangga Tebal 12 cm),III. PEKERJAAN LANTAI I,A. PEKERJAAN STRUKTUR LT. I Elv. 0.00 s/d 4.00,kg,756.6173333,11196.075,8471144.41,0.1774
Cor Beton K.250 (Plat Tangga Tebal 12 cm),III. PEKERJAAN LANTAI I,A. PEKERJAAN STRUKTUR LT. I Elv. 0.00 s/d 4.00,m3,4.09756,973704.9972,3989814.648,0.0835
Pasangan Bata Ringan uk. 60 x 20 x 10 cm (Pekerjaan Pasangan dan Plesteran),III. PEKERJAAN LANTAI I,B. PEKERJAAN ARSITEKTUR LANTAI I,m2,654.6166,128190.4946,83915625.71,1.7571
Plesteran Dinding (Pekerjaan Pasangan dan Plesteran),III. PEKERJAAN LANTAI I,B. PEKERJAAN ARSITEKTUR LANTAI I,m2,1132.9472,59438.236,67340383.05,1.4101
Acian dinding (Pekerjaan Pasangan dan Plesteran),III. PEKERJAAN LANTAI I,B. PEKERJAAN ARSITEKTUR LANTAI I,m2,1132.9472,35879.8,40649918.95,0.8512
Pas.kolom praktis 11/11 cm (Pekerjaan Pasangan dan Plesteran),III. PEKERJAAN LANTAI I,B. PEKERJAAN ARSITEKTUR LANTAI I,m1,104,69945.645,7274347.08,0.1523
Pas. Balok latei 10/15 cm (Pekerjaan Pasangan dan Plesteran),III. PEKERJAAN LANTAI I,B. PEKERJAAN ARSITEKTUR LANTAI I,m1,57.8,91008.3625,5260283.353,0.1101
Plat Kanopi tebal 7 cm (Pekerjaan Pasangan dan Plesteran),III. PEKERJAAN LANTAI I,B. PEKERJAAN ARSITEKTUR LANTAI I,m3,1.2432,3752746.946,4665415.003,0.0977
Plat meja wastafel tebal 7 cm (Pekerjaan Pasangan dan Plesteran),III. PEKERJAAN LANTAI I,B. PEKERJAAN ARSITEKTUR LANTAI I,m3,0.1106,3752746.946,415053.8122,0.0087
"Pas. Railing Tangga Stainless Steel (Pipa Dia 2"" & Pipa dia 1"") (Pekerjaan Pasangan dan Plesteran)",III. PEKERJAAN LANTAI I,B. PEKERJAAN ARSITEKTUR LANTAI I,m1,21.58,425313.3885,9178262.924,0.1922
Pengecatan Dinding luar (Pekerjaan Pasangan dan Plesteran),III. PEKERJAAN LANTAI I,B. PEKERJAAN ARSITEKTUR LANTAI I,m2,212.892825,39679.75,8447534.073,0.1769
Pengecatan Dinding dalam (Pekerjaan Pasangan dan Plesteran),III. PEKERJAAN LANTAI I,B. PEKERJAAN ARSITEKTUR LANTAI I,m2,566.4736,21152.67,11982429.12,0.2509
Pengecatan Plafond (Pekerjaan Pasangan dan Plesteran),III. PEKERJAAN LANTAI I,B. PEKERJAAN ARSITEKTUR LANTAI I,m2,416.671,17778.75,7407889.541,0.1551
Pas. Homogeneus Tile 60x60 cm lantai ruang (Polish) (Pekerjaan Pasangan dan Plesteran),III. PEKERJAAN LANTAI I,B. PEKERJAAN ARSITEKTUR LANTAI I,m2,434.305,186423.6,80964701.6,1.6954
Pas. Homogeneus Tile 60x60 cm teras keliling gedung  (Un Polish)  (Pekerjaan Pasangan dan Plesteran),III. PEKERJAAN LANTAI I,B. PEKERJAAN ARSITEKTUR LANTAI I,m2,98.275,189449.975,18618196.29,0.3899
Pas. Homogeneus Tile 60x60 cm lantai toilet (Un Polish)  (Pekerjaan Pasangan dan Plesteran),III. PEKERJAAN LANTAI I,B. PEKERJAAN ARSITEKTUR LANTAI I,m2,30.06,189449.975,5694866.249,0.1192
Pas. Homogeneus Tile 20x60 cm tangga  (Un Polish)  (Pekerjaan Pasangan dan Plesteran),III. PEKERJAAN LANTAI I,B. PEKERJAAN ARSITEKTUR LANTAI I,m2,26.208,188246.5842,4933566.478,0.1033
Pas. Step Nossing 10x60 cm tangga (Pekerjaan Pasangan dan Plesteran),III. PEKERJAAN LANTAI I,B. PEKERJAAN ARSITEKTUR LANTAI I,m',26,49709.3025,1292441.865,0.0271
Pas. Plint granit 10x60 cm (Polish) (Pekerjaan Pasangan dan Plesteran),III. PEKERJAAN LANTAI I,B. PEKERJAAN ARSITEKTUR LANTAI I,m',159.6,43070.8025,6874100.079,0.1439
Pas. Keramik 25x45 cm pintu P1 (Polish) Setara  ROMAN (Pekerjaan Pasangan dan Plesteran),III. PEKERJAAN LANTAI I,B. PEKERJAAN ARSITEKTUR LANTAI I,m2,13.8,150222.7314,2073073.693,0.0434
Pas. Homogeneus Tile 60x60 cm lantai kamar mandi (Un Polish) (Pekerjaan Pasangan dan Plesteran),III. PEKERJAAN LANTAI I,B. PEKERJAAN ARSITEKTUR LANTAI I,m2,18.48,189449.975,3501035.538,0.0733
Pas. Homogeneus Tile 30x60 cm dinding kamar mandi (Polish) (Pekerjaan Pasangan dan Plesteran),III. PEKERJAAN LANTAI I,B. PEKERJAAN ARSITEKTUR LANTAI I,m2,61.452,188246.5842,11568129.09,0.2422
Pas. Homogeneus Tile 60x60 cm Meja wastafel (Polish) (Pekerjaan Pasangan dan Plesteran),III. PEKERJAAN LANTAI I,B. PEKERJAAN ARSITEKTUR LANTAI I,m2,1.58,186423.6,294549.288,0.0062
Pas. Homogeneus Tile 30x60 cm dinding wastafel (Polish) (Pekerjaan Pasangan dan Plesteran),III. PEKERJAAN LANTAI I,B. PEKERJAAN ARSITEKTUR LANTAI I,m2,17.46,188246.5842,3286785.36,0.0688
Pas. Flexiwall motif batu alam (Pekerjaan Pasangan dan Plesteran),III. PEKERJAAN LANTAI I,B. PEKERJAAN ARSITEKTUR LANTAI I,m2,104.9,177500,18619750,0.3899
Pek. Plafond Gybsum Board 9 mm Rangka Hollow 4/4 dan 2/4 (Pekerjaan Pasangan dan Plesteran),III. PEKERJAAN LANTAI I,B. PEKERJAAN ARSITEKTUR LANTAI I,m2,416.671,89867.91,37445351.93,0.7841
Pas. Lis Profil 10 cm (Pekerjaan Pasangan dan Plesteran),III. PEKERJAAN LANTAI I,B. PEKERJAAN ARSITEKTUR LANTAI I,m1,249.38,29432.7,7339926.726,0.1537
Pintu type P1  ( kaca temperead tebal 12 mm + asesoris) (Pekerjaan Pasangan dan Plesteran),III. PEKERJAAN LANTAI I,B. PEKERJAAN ARSITEKTUR LANTAI I,set,2,9640976.4,19281952.8,0.4038
Kusen + Pintu type P2  (steel door) (Pekerjaan Pasangan dan Plesteran),III. PEKERJAAN LANTAI I,B. PEKERJAAN ARSITEKTUR LANTAI I,Unit,4,4970000,19880000,0.4163
Kusen + Pintu type P3  (steel door) (Pekerjaan Pasangan dan Plesteran),III. PEKERJAAN LANTAI I,B. PEKERJAAN ARSITEKTUR LANTAI I,Unit,6,3550000,21300000,0.4460
Kusen + Pintu type P4  (steel door) (Pekerjaan Pasangan dan Plesteran),III. PEKERJAAN LANTAI I,B. PEKERJAAN ARSITEKTUR LANTAI I,Unit,2,1952500,3905000,0.0818
Kusen + Jendela J1 (aluminium warna putih) (Pekerjaan Pasangan dan Plesteran),III. PEKERJAAN LANTAI I,B. PEKERJAAN ARSITEKTUR LANTAI I,Unit,12,2390131.313,28681575.76,0.6006
Kusen + Glassblok J3 (aluminium warna putih) (Pekerjaan Pasangan dan Plesteran),III. PEKERJAAN LANTAI I,B. PEKERJAAN ARSITEKTUR LANTAI I,Unit,2,490543.1401,981086.2802,0.0205
Kusen BV1 (aluminium warna putih) (Pekerjaan Pasangan dan Plesteran),III. PEKERJAAN LANTAI I,B. PEKERJAAN ARSITEKTUR LANTAI I,Unit,8,260071.998,2080575.984,0.0436
Kusen BV2 (aluminium warna putih) (Pekerjaan Pasangan dan Plesteran),III. PEKERJAAN LANTAI I,B. PEKERJAAN ARSITEKTUR LANTAI I,Unit,2,468824.5977,937649.1954,0.0196
"Pas. Kloset Jongkok (Pekerjaan Air Bersih dan Air Kotor, Buangan dan Vent)",III. PEKERJAAN LANTAI I,C. PEKERJAAN  ELEKTRIKAL LANTAI I,bh,6,535264.4,3211586.4,0.0672
"Pas.  Wastafel (Pekerjaan Air Bersih dan Air Kotor, Buangan dan Vent)",III. PEKERJAAN LANTAI I,C. PEKERJAAN  ELEKTRIKAL LANTAI I,bh,4,976685.6,3906742.4,0.0818
"Pas. Floordrain 3"" Stainles Steel (Pekerjaan Air Bersih dan Air Kotor, Buangan dan Vent)",III. PEKERJAAN LANTAI I,C. PEKERJAAN  ELEKTRIKAL LANTAI I,bh,6,60555,363330,0.0076
"Pas. Kran air 1/2"" Stainles Steel (Pekerjaan Air Bersih dan Air Kotor, Buangan dan Vent)",III. PEKERJAAN LANTAI I,C. PEKERJAAN  ELEKTRIKAL LANTAI I,bh,12,71000,852000,0.0178
"Pas. Kran Wastafel  (Pekerjaan Air Bersih dan Air Kotor, Buangan dan Vent)",III. PEKERJAAN LANTAI I,C. PEKERJAAN  ELEKTRIKAL LANTAI I,bh,4,106500,426000,0.0089
"Inst. Air Bersih (PVC.3/4 "") + acc. (Pekerjaan Air Bersih dan Air Kotor, Buangan dan Vent)",III. PEKERJAAN LANTAI I,C. PEKERJAAN  ELEKTRIKAL LANTAI I,m1,50,19938.63438,996931.7188,0.0209
"Inst. Air Bersih (PVC.1 "") + acc. (Pekerjaan Air Bersih dan Air Kotor, Buangan dan Vent)",III. PEKERJAAN LANTAI I,C. PEKERJAAN  ELEKTRIKAL LANTAI I,m1,30,22520.81563,675624.4688,0.0141
"Inst. Air Buangan (PVC. 3"" ) + acc. (Pekerjaan Air Bersih dan Air Kotor, Buangan dan Vent)",III. PEKERJAAN LANTAI I,C. PEKERJAAN  ELEKTRIKAL LANTAI I,m1,25,52870.74375,1321768.594,0.0277
"Inst. Pipa Buangan air padat (PVC. 4"" ) + acc. (Pekerjaan Air Bersih dan Air Kotor, Buangan dan Vent)",III. PEKERJAAN LANTAI I,C. PEKERJAAN  ELEKTRIKAL LANTAI I,m1,25,109678.7313,2741968.281,0.0574
"Pengeboran Sumur + Pipa + Accsesoris Kedalama 24 m (Pekerjaan Air Bersih dan Air Kotor, Buangan dan Vent)",III. PEKERJAAN LANTAI I,C. PEKERJAAN  ELEKTRIKAL LANTAI I,ls,2,3000000,6000000,0.1256
"Pas. Tandon Air Stainless Steel kap 2000 liter + Otornais (Pekerjaan Air Bersih dan Air Kotor, Buangan dan Vent)",III. PEKERJAAN LANTAI I,C. PEKERJAAN  ELEKTRIKAL LANTAI I,set,2,4500000,9000000,0.1885
"Pompa air jetpump PC 268 bit (automatic) (Pekerjaan Air Bersih dan Air Kotor, Buangan dan Vent)",III. PEKERJAAN LANTAI I,C. PEKERJAAN  ELEKTRIKAL LANTAI I,unit,2,2500000,5000000,0.1047
"Timba (kamar mandi) (Pekerjaan Air Bersih dan Air Kotor, Buangan dan Vent)",III. PEKERJAAN LANTAI I,C. PEKERJAAN  ELEKTRIKAL LANTAI I,bh,6,130000,780000,0.0163
"Kaca cermin uk. 80 x 160 cm (Pekerjaan Air Bersih dan Air Kotor, Buangan dan Vent)",III. PEKERJAAN LANTAI I,C. PEKERJAAN  ELEKTRIKAL LANTAI I,bh,2,200000,400000,0.0084
Pekerjaan Pas. Septictank + Resapan,III. PEKERJAAN LANTAI I,C. PEKERJAAN  ELEKTRIKAL LANTAI I,unit,2,4114095.986,8228191.973,0.1723
Pas. Daya listrik baru 33.000 watt (Pasca bayar) (Pekerjaan Elektrikal),III. PEKERJAAN LANTAI I,C. PEKERJAAN  ELEKTRIKAL LANTAI I,ls,1,35000000,35000000,0.7329
Panel Utama Lantai 1 ( P - UTAMA) (Pekerjaan Elektrikal),III. PEKERJAAN LANTAI I,C. PEKERJAAN  ELEKTRIKAL LANTAI I,unit,1,7000000,7000000,0.1466
Panel Lantai 1 ( PP - 1A ) (Pekerjaan Elektrikal),III. PEKERJAAN LANTAI I,C. PEKERJAAN  ELEKTRIKAL LANTAI I,unit,1,4000000,4000000,0.0838
Kabel dari KWH meter ke Panel utama lt 1 (Pekerjaan Elektrikal),III. PEKERJAAN LANTAI I,C. PEKERJAAN  ELEKTRIKAL LANTAI I,mtr,15,100000,1500000,0.0314
Kabel dari  Panel utama  ke panel ( PP - 1A ) lantai 1  (Pekerjaan Elektrikal),III. PEKERJAAN LANTAI I,C. PEKERJAAN  ELEKTRIKAL LANTAI I,mtr,10,45000,450000,0.0094
"Merger pekerjaan kabel tovoer, kabel instalasi ,kabel  (Pekerjaan Elektrikal)",III. PEKERJAAN LANTAI I,C. PEKERJAAN  ELEKTRIKAL LANTAI I,lsm,1,700000,700000,0.0147
Pemantekan dan pentanahan lengkap dengan bak kontrol  (Pekerjaan Elektrikal),III. PEKERJAAN LANTAI I,C. PEKERJAAN  ELEKTRIKAL LANTAI I,lsm,1,1700000,1700000,0.0356
ROD minimal  12 meter dan pentanahan maximal 2 ohm (Pekerjaan Elektrikal),III. PEKERJAAN LANTAI I,C. PEKERJAAN  ELEKTRIKAL LANTAI I,lsm,1,750000,750000,0.0157
Lampu I RM 300 LED   2 x 18 Watt (Pekerjaan Elektrikal),III. PEKERJAAN LANTAI I,C. PEKERJAAN  ELEKTRIKAL LANTAI I,bh,24,382744.15,9185859.6,0.1923
Lampu Down Light RD 100 LED 10 Watt (Pekerjaan Elektrikal),III. PEKERJAAN LANTAI I,C. PEKERJAAN  ELEKTRIKAL LANTAI I,bh,32,210244.15,6727812.8,0.1409
Saklar Tunggal (Pekerjaan Elektrikal),III. PEKERJAAN LANTAI I,C. PEKERJAAN  ELEKTRIKAL LANTAI I,bh,6,60602.85,363617.1,0.0076
Saklar Ganda (Pekerjaan Elektrikal),III. PEKERJAAN LANTAI I,C. PEKERJAAN  ELEKTRIKAL LANTAI I,bh,10,64507.85,645078.5,0.0135
Stop Kontak  (Pekerjaan Elektrikal),III. PEKERJAAN LANTAI I,C. PEKERJAAN  ELEKTRIKAL LANTAI I,bh,20,61383.85,1227677,0.0257
Stop Kontak AC  (Pekerjaan Elektrikal),III. PEKERJAAN LANTAI I,C. PEKERJAAN  ELEKTRIKAL LANTAI I,bh,8,61383.85,491070.8,0.0103
"Instalasi Kabel NYM 2 x 2,5 mm²  Lampu, dalam pipa  (Pekerjaan Elektrikal)",III. PEKERJAAN LANTAI I,C. PEKERJAAN  ELEKTRIKAL LANTAI I,titik,56,164355.95,9203933.2,0.1927
"Instalasi Kabel NYM 3 x 2,5 mm²  Stop Kontak, dalam pipa (Pekerjaan Elektrikal)",III. PEKERJAAN LANTAI I,C. PEKERJAAN  ELEKTRIKAL LANTAI I,titik,20,194619.7,3892394,0.0815
"Instalasi Kabel NYM 3 x 4 mm²  Stop Kontak AC, dalam pipa (Pekerjaan Elektrikal)",III. PEKERJAAN LANTAI I,C. PEKERJAAN  ELEKTRIKAL LANTAI I,titik,8,261785.7,2094285.6,0.0439
"Pas Konsol Besi WF. 200 x 100 x 5,5 x 8 mm",III. PEKERJAAN LANTAI I,D. PEKERJAAN  KONSOL TERAS LANTAI I,kg,234.3,25859.41875,6058861.813,0.1269
Pas Diafragma Besi WF. 150 x 75 x 5 x 7 mm,III. PEKERJAAN LANTAI I,D. PEKERJAAN  KONSOL TERAS LANTAI I,kg,259,25859.41875,6697589.456,0.1402
"Pas Besi CNP. 100 x 50 x 20 x 3,2 mm",III. PEKERJAAN LANTAI I,D. PEKERJAAN  KONSOL TERAS LANTAI I,kg,2.2,25195.29375,55429.64625,0.0012
"Pas Besi Hollow 60 x 60 mm, tebal 3 mm",III. PEKERJAAN LANTAI I,D. PEKERJAAN  KONSOL TERAS LANTAI I,kg,32.67,25195.29375,823130.2468,0.0172
Plat Pengaku tebal 10 mm,III. PEKERJAAN LANTAI I,D. PEKERJAAN  KONSOL TERAS LANTAI I,kg,28.296,25195.29375,712926.032,0.0149
Plat Simpul tebal 12 mm,III. PEKERJAAN LANTAI I,D. PEKERJAAN  KONSOL TERAS LANTAI I,kg,28.296,25195.29375,712926.032,0.0149
Mur + baut  Ø16 mm,III. PEKERJAAN LANTAI I,D. PEKERJAAN  KONSOL TERAS LANTAI I,kg,52.64,25195.29375,1326280.263,0.0278
Pekerjaan perakitan+pengelasan,III. PEKERJAAN LANTAI I,D. PEKERJAAN  KONSOL TERAS LANTAI I,kg,493.3,30734.594,15161375.22,0.3175
Bekisting (Kolom K1 40x40 cm),IV. PEKERJAAN LANTAI II,A. PEKERJAAN STRUKTUR LT. II Elv. 4.00 s/d 8.00,m2,224,186029.8,41670675.2,0.8726
Pembesian (besi ulir) (Kolom K1 40x40 cm),IV. PEKERJAAN LANTAI II,A. PEKERJAAN STRUKTUR LT. II Elv. 4.00 s/d 8.01,kg,2986.2,11629.2,34727117.04,0.7272
Pembesian (besi polos) (Kolom K1 40x40 cm),IV. PEKERJAAN LANTAI II,A. PEKERJAAN STRUKTUR LT. II Elv. 4.00 s/d 8.02,kg,546,11196.075,6113056.95,0.1280
Cor Beton K.250 (Kolom K1 40x40 cm),IV. PEKERJAAN LANTAI II,A. PEKERJAAN STRUKTUR LT. II Elv. 4.00 s/d 8.03,m3,22.4,973704.9972,21810991.94,0.4567
Bekisting (Balok B1 30x65 cm Elv.8.00),IV. PEKERJAAN LANTAI II,A. PEKERJAAN STRUKTUR LT. II Elv. 4.00 s/d 8.04,m2,56.1,189371.05,10623715.91,0.2225
Pembesian (besi ulir) (Balok B1 30x65 cm Elv.8.00),IV. PEKERJAAN LANTAI II,A. PEKERJAAN STRUKTUR LT. II Elv. 4.00 s/d 8.05,kg,847.275,11629.2,9853130.43,0.2063
Pembesian (besi polos) (Balok B1 30x65 cm Elv.8.00),IV. PEKERJAAN LANTAI II,A. PEKERJAAN STRUKTUR LT. II Elv. 4.00 s/d 8.06,kg,187.6875,11196.075,2101363.327,0.0440
Cor Beton K.250 (Balok B1 30x65 cm Elv.8.00),IV. PEKERJAAN LANTAI II,A. PEKERJAAN STRUKTUR LT. II Elv. 4.00 s/d 8.07,m3,6.55875,973704.9972,6386287.651,0.1337
Bekisting (Balok B2 20x45 cm Elv.8.00),IV. PEKERJAAN LANTAI II,A. PEKERJAAN STRUKTUR LT. II Elv. 4.00 s/d 8.08,m2,191.5736,189371.05,36278493.78,0.7597
Pembesian (besi ulir) (Balok B2 20x45 cm Elv.8.00),IV. PEKERJAAN LANTAI II,A. PEKERJAAN STRUKTUR LT. II Elv. 4.00 s/d 8.09,kg,2548.3744,11629.2,29635555.57,0.6206
Pembesian (besi polos) (Balok B2 20x45 cm Elv.8.00),IV. PEKERJAAN LANTAI II,A. PEKERJAAN STRUKTUR LT. II Elv. 4.00 s/d 8.10,kg,666.0524,11196.075,7457172.624,0.1561
Cor Beton K.250 (Balok B2 20x45 cm Elv.8.00),IV. PEKERJAAN LANTAI II,A. PEKERJAAN STRUKTUR LT. II Elv. 4.00 s/d 8.11,m3,14.70216,973704.9972,14315566.66,0.2998
Bekisting (Balok B3 20x40 cm Elv.8.00),IV. PEKERJAAN LANTAI II,A. PEKERJAAN STRUKTUR LT. II Elv. 4.00 s/d 8.12,m2,83.1136,189371.05,15739309.7,0.3296
Pembesian (besi ulir) (Balok B3 20x40 cm Elv.8.00),IV. PEKERJAAN LANTAI II,A. PEKERJAAN STRUKTUR LT. II Elv. 4.00 s/d 8.13,kg,1023.6096,11629.2,11903760.76,0.2493
Pembesian (besi polos) (Balok B3 20x40 cm Elv.8.00),IV. PEKERJAAN LANTAI II,A. PEKERJAAN STRUKTUR LT. II Elv. 4.00 s/d 8.14,kg,298.5528,11196.075,3342619.54,0.0700
Cor Beton K.250 (Balok B3 20x40 cm Elv.8.00),IV. PEKERJAAN LANTAI II,A. PEKERJAAN STRUKTUR LT. II Elv. 4.00 s/d 8.15,m3,6.12416,973704.9972,5963125.196,0.1249
Bekisting (Balok B4 15x30 cm Elv.8.00),IV. PEKERJAAN LANTAI II,A. PEKERJAAN STRUKTUR LT. II Elv. 4.00 s/d 8.16,m2,4.08,189371.05,772633.884,0.0162
Pembesian (besi polos) (Balok B4 15x30 cm Elv.8.00),IV. PEKERJAAN LANTAI II,A. PEKERJAAN STRUKTUR LT. II Elv. 4.00 s/d 8.17,kg,72.56,11196.075,812387.202,0.0170
Cor Beton K.250 (Balok B4 15x30 cm Elv.8.00),IV. PEKERJAAN LANTAI II,A. PEKERJAAN STRUKTUR LT. II Elv. 4.00 s/d 8.18,m3,0.216,973704.9972,210320.2794,0.0044
Bekisting (Plat Lantai Tebal 12 cm  Elv.8.00),IV. PEKERJAAN LANTAI II,A. PEKERJAAN STRUKTUR LT. II Elv. 4.00 s/d 8.19,m2,352.504,189371.05,66754052.61,1.3978
Pembesian (besi polos) (Plat Lantai Tebal 12 cm  Elv.8.00),IV. PEKERJAAN LANTAI II,A. PEKERJAAN STRUKTUR LT. II Elv. 4.00 s/d 8.20,kg,3488.500267,11196.075,39057510.62,0.8178
Cor Beton K.250 (Plat Lantai Tebal 12 cm  Elv.8.00),IV. PEKERJAAN LANTAI II,A. PEKERJAAN STRUKTUR LT. II Elv. 4.00 s/d 8.21,m3,51.95976,973704.9972,50593477.97,1.0594
Bekisting (Balok Bordes 15x30 cm ),IV. PEKERJAAN LANTAI II,A. PEKERJAAN STRUKTUR LT. II Elv. 4.00 s/d 8.22,m2,5.304,189371.05,1004424.049,0.0210
Pembesian (besi polos) (Balok Bordes 15x30 cm ),IV. PEKERJAAN LANTAI II,A. PEKERJAAN STRUKTUR LT. II Elv. 4.00 s/d 8.23,kg,94.57066667,11196.075,1058820.277,0.0222
Cor Beton K.250 (Balok Bordes 15x30 cm ),IV. PEKERJAAN LANTAI II,A. PEKERJAAN STRUKTUR LT. II Elv. 4.00 s/d 8.24,m3,0.2808,973704.9972,273416.3632,0.0057
Bekisting (Plat Tangga Tebal 12 cm),IV. PEKERJAAN LANTAI II,A. PEKERJAAN STRUKTUR LT. II Elv. 4.00 s/d 8.25,m2,35.022,189371.05,6632152.913,0.1389
Pembesian (besi polos) (Plat Tangga Tebal 12 cm),IV. PEKERJAAN LANTAI II,A. PEKERJAAN STRUKTUR LT. II Elv. 4.00 s/d 8.26,kg,756.6173333,11196.075,8471144.41,0.1774
Cor Beton K.250 (Plat Tangga Tebal 12 cm),IV. PEKERJAAN LANTAI II,A. PEKERJAAN STRUKTUR LT. II Elv. 4.00 s/d 8.27,m3,4.09656,973704.9972,3988840.943,0.0835
"Pasangan Bata Ringan setara, uk. 60 x 20 x 10 cm (Pekerjaan Pasangan dan Plesteran Lt. II)",IV. PEKERJAAN LANTAI II,B. PEKERJAAN ARSITEKTUR LANTAI II,m2,614.9946,128190.4946,78836461.94,1.6508
Plesteran Dinding Hebel/Celcon dng Mortar Instan (Pekerjaan Pasangan dan Plesteran Lt. II),IV. PEKERJAAN LANTAI II,B. PEKERJAAN ARSITEKTUR LANTAI II,m2,1229.9892,59438.236,73108388.35,1.5308
Acian dinding (Pekerjaan Pasangan dan Plesteran Lt. II),IV. PEKERJAAN LANTAI II,B. PEKERJAAN ARSITEKTUR LANTAI II,m2,1229.9892,35879.8,44131766.5,0.9241
Pas.kolom praktis 11/11 cm (Pekerjaan Pasangan dan Plesteran Lt. II),IV. PEKERJAAN LANTAI II,B. PEKERJAAN ARSITEKTUR LANTAI II,m',108,69945.645,7554129.66,0.1582
Pas. Balok latei 10/15 cm (Pekerjaan Pasangan dan Plesteran Lt. II),IV. PEKERJAAN LANTAI II,B. PEKERJAAN ARSITEKTUR LANTAI II,m',58.8,91008.3625,5351291.715,0.1121
Plat kanopi tebal 7 cm (Pekerjaan Pasangan dan Plesteran Lt. II),IV. PEKERJAAN LANTAI II,B. PEKERJAAN ARSITEKTUR LANTAI II,m3,1.2432,3752746.946,4665415.003,0.0977
Plat meja wastafel tebal 7 cm (Pekerjaan Pasangan dan Plesteran Lt. II),IV. PEKERJAAN LANTAI II,B. PEKERJAAN ARSITEKTUR LANTAI II,m3,0.1106,3752746.946,415053.8122,0.0087
"Pas. Railing Stainless Steel (Pipa Dia 2"" & Pipa dia 1"") (Pekerjaan Pasangan dan Plesteran Lt. II)",IV. PEKERJAAN LANTAI II,B. PEKERJAAN ARSITEKTUR LANTAI II,m',16.34,425313.3885,6949620.768,0.1455
Pengecatan Dinding luar (Pekerjaan Pengecatan Lt. II),IV. PEKERJAAN LANTAI II,B. PEKERJAAN ARSITEKTUR LANTAI II,m2,366.313825,39679.75,14535241,0.3044
Pengecatan Dinding dalam (Pekerjaan Pengecatan Lt. II),IV. PEKERJAAN LANTAI II,B. PEKERJAAN ARSITEKTUR LANTAI II,m2,614.9946,21152.67,13008777.83,0.2724
Pengecatan Plafond (Pekerjaan Pengecatan Lt. II),IV. PEKERJAAN LANTAI II,B. PEKERJAAN ARSITEKTUR LANTAI II,m2,414.33,17778.75,7366269.488,0.1542
Pas. Homogeneus Tile 60x60 cm lantai ruang (Polish) (Pekerjaan Lantai Dan Dinding Keramik Lt. II),IV. PEKERJAAN LANTAI II,B. PEKERJAAN ARSITEKTUR LANTAI II,m2,368.92,186423.6,68775394.51,1.4401
Pas. Homogeneus Tile 60x60 cm lantai toilet (Un Polish)  (Pekerjaan Lantai Dan Dinding Keramik Lt. II),IV. PEKERJAAN LANTAI II,B. PEKERJAAN ARSITEKTUR LANTAI II,m2,30.06,189449.975,5694866.249,0.1192
Pas. Homogeneus Tile 20x60 cm tangga  (Un Polish)  (Pekerjaan Lantai Dan Dinding Keramik Lt. II),IV. PEKERJAAN LANTAI II,B. PEKERJAAN ARSITEKTUR LANTAI II,m2,26.208,188246.5842,4933566.478,0.1033
Pas. Step Nossing 10x60 cm tangga (Pekerjaan Lantai Dan Dinding Keramik Lt. II),IV. PEKERJAAN LANTAI II,B. PEKERJAAN ARSITEKTUR LANTAI II,m',26,49709.3025,1292441.865,0.0271
Pas. Plint granit 10x60 cm (Polish) (Pekerjaan Lantai Dan Dinding Keramik Lt. II),IV. PEKERJAAN LANTAI II,B. PEKERJAAN ARSITEKTUR LANTAI II,m',188.23,43070.8025,8107217.155,0.1698
Pas. Homogeneus Tile 60x60 cm lantai kamar mandi (Un Polish) (Pekerjaan Lantai Dan Dinding Keramik Lt. II),IV. PEKERJAAN LANTAI II,B. PEKERJAAN ARSITEKTUR LANTAI II,m2,18.48,189449.975,3501035.538,0.0733
Pas. Homogeneus Tile 30x60 cm dinding kamar mandi (Polish) (Pekerjaan Lantai Dan Dinding Keramik Lt. II),IV. PEKERJAAN LANTAI II,B. PEKERJAAN ARSITEKTUR LANTAI II,m2,61.452,219454.0425,13485889.82,0.2824
Pas. Homogeneus Tile 60x60 cm Meja wastafel (Polish) (Pekerjaan Lantai Dan Dinding Keramik Lt. II),IV. PEKERJAAN LANTAI II,B. PEKERJAAN ARSITEKTUR LANTAI II,m2,1.58,186423.6,294549.288,0.0062
Pas. Homogeneus Tile 30x60 cm dinding wastafel (Polish) (Pekerjaan Lantai Dan Dinding Keramik Lt. II),IV. PEKERJAAN LANTAI II,B. PEKERJAAN ARSITEKTUR LANTAI II,m2,17.46,219454.0425,3831667.582,0.0802
Pek. Plafond Gybsum Board 9 mm Rangka Hollow 4/4 dan 2/4 (Pekerjaan Plafond Lt. II),IV. PEKERJAAN LANTAI II,B. PEKERJAAN ARSITEKTUR LANTAI II,m2,414.33,89867.91,37234971.15,0.7797
Pas. Lis Profil 10 cm (Pekerjaan Plafond Lt. II),IV. PEKERJAAN LANTAI II,B. PEKERJAAN ARSITEKTUR LANTAI II,m1,285.45,29432.7,8401564.215,0.1759
Kusen + Pintu type P2  (steel door) (Pekerjaan Pasangan Kusen Pintu Dan Jendela Lt. II),IV. PEKERJAAN LANTAI II,B. PEKERJAAN ARSITEKTUR LANTAI II,Unit,4,4970000,19880000,0.4163
Kusen + Pintu type P3  (steel door) (Pekerjaan Pasangan Kusen Pintu Dan Jendela Lt. II),IV. PEKERJAAN LANTAI II,B. PEKERJAAN ARSITEKTUR LANTAI II,Unit,6,3550000,21300000,0.4460
Kusen + Pintu type P4  (steel door) (Pekerjaan Pasangan Kusen Pintu Dan Jendela Lt. II),IV. PEKERJAAN LANTAI II,B. PEKERJAAN ARSITEKTUR LANTAI II,Unit,2,1952500,3905000,0.0818
Kusen + Jendela J1 (aluminium warna putih) (Pekerjaan Pasangan Kusen Pintu Dan Jendela Lt. II),IV. PEKERJAAN LANTAI II,B. PEKERJAAN ARSITEKTUR LANTAI II,Unit,12,2390131.313,28681575.76,0.6006
Kusen + Jendela J2 (aluminium warna putih) (Pekerjaan Pasangan Kusen Pintu Dan Jendela Lt. II),IV. PEKERJAAN LANTAI II,B. PEKERJAAN ARSITEKTUR LANTAI II,Unit,2,2743483.687,5486967.374,0.1149
Kusen + Glassblok J3 (aluminium warna putih) (Pekerjaan Pasangan Kusen Pintu Dan Jendela Lt. II),IV. PEKERJAAN LANTAI II,B. PEKERJAAN ARSITEKTUR LANTAI II,Unit,2,490543.1401,981086.2802,0.0205
Kusen BV1 (aluminium warna putih) (Pekerjaan Pasangan Kusen Pintu Dan Jendela Lt. II),IV. PEKERJAAN LANTAI II,B. PEKERJAAN ARSITEKTUR LANTAI II,Unit,8,260071.998,2080575.984,0.0436
Kusen BV2 (aluminium warna putih) (Pekerjaan Pasangan Kusen Pintu Dan Jendela Lt. II),IV. PEKERJAAN LANTAI II,B. PEKERJAAN ARSITEKTUR LANTAI II,Unit,2,468824.5977,937649.1954,0.0196
"Pas. Kloset Jongkok (komplit) (Pekerjaan Air Bersih dan Air Kotor, Buangan dan Vent Lt. II)",IV. PEKERJAAN LANTAI II,C. PEKERJAAN ELEKTRIKAL LANTAI II,bh,6,535264.4,3211586.4,0.0672
"Pas.  Wastafel ( komplit) (Pekerjaan Air Bersih dan Air Kotor, Buangan dan Vent Lt. II)",IV. PEKERJAAN LANTAI II,C. PEKERJAAN ELEKTRIKAL LANTAI II,bh,4,976685.6,3906742.4,0.0818
"Pas. Floordrain 3"" Stainles Steel (Pekerjaan Air Bersih dan Air Kotor, Buangan dan Vent Lt. II)",IV. PEKERJAAN LANTAI II,C. PEKERJAAN ELEKTRIKAL LANTAI II,bh,6,60555,363330,0.0076
"Pas. Kran air 1/2"" Stainles Steel (Pekerjaan Air Bersih dan Air Kotor, Buangan dan Vent Lt. II)",IV. PEKERJAAN LANTAI II,C. PEKERJAAN ELEKTRIKAL LANTAI II,bh,12,71000,852000,0.0178
"Pas. Kran Watafel  (Pekerjaan Air Bersih dan Air Kotor, Buangan dan Vent Lt. II)",IV. PEKERJAAN LANTAI II,C. PEKERJAAN ELEKTRIKAL LANTAI II,bh,4,106500,426000,0.0089
"Inst. Air Bersih (PVC.3/4 "") + acc. (Pekerjaan Air Bersih dan Air Kotor, Buangan dan Vent Lt. II)",IV. PEKERJAAN LANTAI II,C. PEKERJAAN ELEKTRIKAL LANTAI II,m1,50,19938.63438,996931.7188,0.0209
"Inst. Air Bersih (PVC.1 "") + acc. (Pekerjaan Air Bersih dan Air Kotor, Buangan dan Vent Lt. II)",IV. PEKERJAAN LANTAI II,C. PEKERJAAN ELEKTRIKAL LANTAI II,m1,25,22520.81563,563020.3906,0.0118
"Inst. Air Buangan (PVC. 3"" ) + acc. (Pekerjaan Air Bersih dan Air Kotor, Buangan dan Vent Lt. II)",IV. PEKERJAAN LANTAI II,C. PEKERJAAN ELEKTRIKAL LANTAI II,m1,35,52870.74375,1850476.031,0.0387
"Inst. Pipa Buangan air padat (PVC. 4"" ) + acc. (Pekerjaan Air Bersih dan Air Kotor, Buangan dan Vent Lt. II)",IV. PEKERJAAN LANTAI II,C. PEKERJAAN ELEKTRIKAL LANTAI II,m1,27,109678.7313,2961325.744,0.0620
"Timba (kamar mandi) (Pekerjaan Air Bersih dan Air Kotor, Buangan dan Vent Lt. II)",IV. PEKERJAAN LANTAI II,C. PEKERJAAN ELEKTRIKAL LANTAI II,bh,6,130000,780000,0.0163
"Kaca cermin uk. 80 x 160 cm (Pekerjaan Air Bersih dan Air Kotor, Buangan dan Vent Lt. II)",IV. PEKERJAAN LANTAI II,C. PEKERJAAN ELEKTRIKAL LANTAI II,bh,2,200000,400000,0.0084
Panel Lantai 2 ( PP - 2A ) (Pekerjaan Elektrikal Lt. II),IV. PEKERJAAN LANTAI II,C. PEKERJAAN ELEKTRIKAL LANTAI II,unit',1,4000000,4000000,0.0838
Kabel dari  Panel utama  ke panel ( PP - 2A ) lantai 2  (Pekerjaan Elektrikal Lt. II),IV. PEKERJAAN LANTAI II,C. PEKERJAAN ELEKTRIKAL LANTAI II,mtr,10,45000,450000,0.0094
Lampu I RM 300 LED   2 x 18 Watt (Pekerjaan Elektrikal Lt. II),IV. PEKERJAAN LANTAI II,C. PEKERJAAN ELEKTRIKAL LANTAI II,bh,18,382744.15,6889394.7,0.1443
Lampu Down Light RD 100 LED 10 Watt (Pekerjaan Elektrikal Lt. II),IV. PEKERJAAN LANTAI II,C. PEKERJAAN ELEKTRIKAL LANTAI II,bh,28,210244.15,5886836.2,0.1233
Saklar Tunggal (Pekerjaan Elektrikal Lt. II),IV. PEKERJAAN LANTAI II,C. PEKERJAAN ELEKTRIKAL LANTAI II,bh,4,60602.85,242411.4,0.0051
Saklar Ganda  (Pekerjaan Elektrikal Lt. II),IV. PEKERJAAN LANTAI II,C. PEKERJAAN ELEKTRIKAL LANTAI II,bh,10,64507.85,645078.5,0.0135
Stop Kontak (Pekerjaan Elektrikal Lt. II),IV. PEKERJAAN LANTAI II,C. PEKERJAAN ELEKTRIKAL LANTAI II,bh,22,61383.85,1350444.7,0.0283
Stop Kontak AC (Pekerjaan Elektrikal Lt. II),IV. PEKERJAAN LANTAI II,C. PEKERJAAN ELEKTRIKAL LANTAI II,bh,6,61383.85,368303.1,0.0077
"Instalasi Kabel NYM 3 x 2,5 mm²  Lampu, dalam pipa  (Pekerjaan Elektrikal Lt. II)",IV. PEKERJAAN LANTAI II,C. PEKERJAAN ELEKTRIKAL LANTAI II,titik,46,164355.95,7560373.7,0.1583
"Instalasi Kabel NYM 3 x 2,5 mm²  Stop Kontak, dalam pipa (Pekerjaan Elektrikal Lt. II)",IV. PEKERJAAN LANTAI II,C. PEKERJAAN ELEKTRIKAL LANTAI II,titik,28,194619.7,5449351.6,0.1141
Bekisting (Kolom K1 40x40 cm Elv.8.00),V. PEKERJAAN LANTAI III,A. PEKERJAAN STRUKTUR LT. III Elv 8.00 s/d 12.00,m2,224,186029.8,41670675.2,0.8726
Pembesian (besi ulir) (Kolom K1 40x40 cm Elv.8.00),V. PEKERJAAN LANTAI III,A. PEKERJAAN STRUKTUR LT. III Elv 8.00 s/d 12.00,kg,2986.2,11629.2,34727117.04,0.7272
Pembesian (besi polos) (Kolom K1 40x40 cm Elv.8.00),V. PEKERJAAN LANTAI III,A. PEKERJAAN STRUKTUR LT. III Elv 8.00 s/d 12.00,kg,527.8,11196.075,5909288.385,0.1237
Cor Beton K.250 (Kolom K1 40x40 cm Elv.8.00),V. PEKERJAAN LANTAI III,A. PEKERJAAN STRUKTUR LT. III Elv 8.00 s/d 12.00,m3,22.4,973704.9972,21810991.94,0.4567
Bekisting (Balok B1 30x65 cm Elv.12.00),V. PEKERJAAN LANTAI III,A. PEKERJAAN STRUKTUR LT. III Elv 8.00 s/d 12.00,m2,12.95,189371.05,2452355.098,0.0514
Pembesian (besi ulir) (Balok B1 30x65 cm Elv.12.00),V. PEKERJAAN LANTAI III,A. PEKERJAAN STRUKTUR LT. III Elv 8.00 s/d 12.00,kg,204.61,11629.2,2379450.612,0.0498
Pembesian (besi polos) (Balok B1 30x65 cm Elv.12.00),V. PEKERJAAN LANTAI III,A. PEKERJAAN STRUKTUR LT. III Elv 8.00 s/d 12.00,kg,63.13125,11196.075,706822.2098,0.0148
Cor Beton K.250 (Balok B1 30x65 cm Elv.12.00),V. PEKERJAAN LANTAI III,A. PEKERJAAN STRUKTUR LT. III Elv 8.00 s/d 12.00,m3,1.52625,973704.9972,1486117.252,0.0311
Bekisting (Balok B3 20x40 cm Elv.12.00),V. PEKERJAAN LANTAI III,A. PEKERJAAN STRUKTUR LT. III Elv 8.00 s/d 12.00,m2,114.016,189371.05,21591329.64,0.4521
Pembesian (besi ulir) (Balok B3 20x40 cm Elv.12.00),V. PEKERJAAN LANTAI III,A. PEKERJAAN STRUKTUR LT. III Elv 8.00 s/d 12.00,kg,1333.9872,11629.2,15513203.95,0.3248
Pembesian (besi polos) (Balok B3 20x40 cm Elv.12.00),V. PEKERJAAN LANTAI III,A. PEKERJAAN STRUKTUR LT. III Elv 8.00 s/d 12.00,kg,389.0796,11196.075,4356164.383,0.0912
Cor Beton K.250 (Balok B3 20x40 cm Elv.12.00),V. PEKERJAAN LANTAI III,A. PEKERJAAN STRUKTUR LT. III Elv 8.00 s/d 12.00,m3,8.5512,973704.9972,8326346.172,0.1743
Bekisting (Balok B4 15x30 cm Elv.12.00),V. PEKERJAAN LANTAI III,A. PEKERJAAN STRUKTUR LT. III Elv 8.00 s/d 12.00,m2,40.7055,189371.05,7708443.276,0.1614
Pembesian (besi polos) (Balok B4 15x30 cm Elv.12.00),V. PEKERJAAN LANTAI III,A. PEKERJAAN STRUKTUR LT. III Elv 8.00 s/d 12.00,kg,671.2707,11196.075,7515597.103,0.1574
Cor Beton K.250 (Balok B4 15x30 cm Elv.12.00),V. PEKERJAAN LANTAI III,A. PEKERJAAN STRUKTUR LT. III Elv 8.00 s/d 12.00,m3,2.2203,973704.9972,2161917.205,0.0453
Bekisting (Balok BK 20x40 cm Elv.12.00),V. PEKERJAAN LANTAI III,A. PEKERJAAN STRUKTUR LT. III Elv 8.00 s/d 12.00,m2,9.36,189371.05,1772513.028,0.0371
Pembesian (besi ulir) (Balok BK 20x40 cm Elv.12.00),V. PEKERJAAN LANTAI III,A. PEKERJAAN STRUKTUR LT. III Elv 8.00 s/d 12.00,kg,99.84,11629.2,1161059.328,0.0243
Pembesian (besi polos) (Balok BK 20x40 cm Elv.12.00),V. PEKERJAAN LANTAI III,A. PEKERJAAN STRUKTUR LT. III Elv 8.00 s/d 12.00,kg,49.14,11196.075,550175.1255,0.0115
Cor Beton K.250 (Balok BK 20x40 cm Elv.12.00),V. PEKERJAAN LANTAI III,A. PEKERJAAN STRUKTUR LT. III Elv 8.00 s/d 12.00,m3,0.72,973704.9972,701067.598,0.0147
Bekisting (Balok BR 15x20 cm Elv.12.00),V. PEKERJAAN LANTAI III,A. PEKERJAAN STRUKTUR LT. III Elv 8.00 s/d 12.00,m2,16.108,189371.05,3050388.873,0.0639
Pembesian (besi polos) (Balok BR 15x20 cm Elv.12.00),V. PEKERJAAN LANTAI III,A. PEKERJAAN STRUKTUR LT. III Elv 8.00 s/d 12.00,kg,207.3905,11196.075,2321959.592,0.0486
Cor Beton K.175 (Balok BR 15x20 cm Elv.12.00),V. PEKERJAAN LANTAI III,A. PEKERJAAN STRUKTUR LT. III Elv 8.00 s/d 12.00,m3,1.2081,861922.1417,1041288.139,0.0218
Bekisting (Plat tandon Tebal 12 cm  Elv. 12.00),V. PEKERJAAN LANTAI III,A. PEKERJAAN STRUKTUR LT. III Elv 8.00 s/d 12.00,m2,32.198,189371.05,6097369.068,0.1277
Pembesian (besi polos) (Plat tandon Tebal 12 cm  Elv. 12.00),V. PEKERJAAN LANTAI III,A. PEKERJAAN STRUKTUR LT. III Elv 8.00 s/d 12.00,kg,581.7584,11196.075,6513410.678,0.1364
Cor Beton K.250 (Plat tandon Tebal 12 cm  Elv. 12.00),V. PEKERJAAN LANTAI III,A. PEKERJAAN STRUKTUR LT. III Elv 8.00 s/d 12.00,m3,4.4448,973704.9972,4327923.972,0.0906
Bekisting (Plat Atap & Plat talang beton Tebal 10 cm  Elv. 12.00),V. PEKERJAAN LANTAI III,A. PEKERJAAN STRUKTUR LT. III Elv 8.00 s/d 12.00,m2,86.70725,189371.05,16419842.98,0.3438
Pembesian (besi polos) (Plat Atap & Plat talang beton Tebal 10 cm  Elv. 12.00),V. PEKERJAAN LANTAI III,A. PEKERJAAN STRUKTUR LT. III Elv 8.00 s/d 12.00,kg,1027.675,11196.075,11505926.38,0.2409
Cor Beton K.250 (Plat Atap & Plat talang beton Tebal 10 cm  Elv. 12.00),V. PEKERJAAN LANTAI III,A. PEKERJAAN STRUKTUR LT. III Elv 8.00 s/d 12.00,m3,10.175,973704.9972,9907448.347,0.2075
"Pasangan Bata Ringan, uk. 60 x 20 x 10 cm (Pekerjaan Pasangan dan Plesteran Lt. III)",V. PEKERJAAN LANTAI III,B. PEKERJAAN ARSITEKTUR LANTAI III,m2,576.2476,128190.4946,73869464.84,1.5468
Plesteran Dinding Hebel/Celcon dng Mortar Instan (Pekerjaan Pasangan dan Plesteran Lt. III),V. PEKERJAAN LANTAI III,B. PEKERJAAN ARSITEKTUR LANTAI III,m2,1152.4952,59438.236,68502281.69,1.4344
Acian dinding (Pekerjaan Pasangan dan Plesteran Lt. III),V. PEKERJAAN LANTAI III,B. PEKERJAAN ARSITEKTUR LANTAI III,m2,1152.4952,35879.8,41351297.28,0.8659
Pas.kolom praktis 11/11 cm (Pekerjaan Pasangan dan Plesteran Lt. III),V. PEKERJAAN LANTAI III,B. PEKERJAAN ARSITEKTUR LANTAI III,m',92,69945.645,6434999.34,0.1347
Pas. Balok latei 10/15 cm (Pekerjaan Pasangan dan Plesteran Lt. III),V. PEKERJAAN LANTAI III,B. PEKERJAAN ARSITEKTUR LANTAI III,m',58.8,91008.3625,5351291.715,0.1121
Plat kanopi tebal 7 cm (Pekerjaan Pasangan dan Plesteran Lt. III),V. PEKERJAAN LANTAI III,B. PEKERJAAN ARSITEKTUR LANTAI III,m3,1.2432,3752746.946,4665415.003,0.0977
Plat meja wastafel tebal 7 cm (Pekerjaan Pasangan dan Plesteran Lt. III),V. PEKERJAAN LANTAI III,B. PEKERJAAN ARSITEKTUR LANTAI III,m3,0.1106,3752746.946,415053.8122,0.0087
"Pas. Railing Stainless Steel (Pipa Dia 2"" & Pipa dia 1"") (Pekerjaan Pasangan dan Plesteran Lt. III)",V. PEKERJAAN LANTAI III,B. PEKERJAAN ARSITEKTUR LANTAI III,m',9.68,425313.3885,4117033.601,0.0862
"Pas. Tangga ke tandon Stainless Steel (Pipa Dia 1,5"") (Pekerjaan Pasangan dan Plesteran Lt. III)",V. PEKERJAAN LANTAI III,B. PEKERJAAN ARSITEKTUR LANTAI III,m',7.54,300000,2262000,0.0474
Pengecatan Dinding luar (Pekerjaan Pengecatan Lt. III),V. PEKERJAAN LANTAI III,B. PEKERJAAN ARSITEKTUR LANTAI III,m2,327.566825,39679.75,12997769.72,0.2722
Pengecatan Dinding dalam (Pekerjaan Pengecatan Lt. III),V. PEKERJAAN LANTAI III,B. PEKERJAAN ARSITEKTUR LANTAI III,m2,576.2476,21152.67,12189175.32,0.2552
Pengecatan Plafond  (Pekerjaan Pengecatan Lt. III),V. PEKERJAAN LANTAI III,B. PEKERJAAN ARSITEKTUR LANTAI III,m2,439.155,17778.75,7807626.956,0.1635
Pas. Homogeneus Tile 60x60 cm lantai ruang (Polish) (Pekerjaan Lantai Dan Dinding Keramik Lt. III),V. PEKERJAAN LANTAI III,B. PEKERJAAN ARSITEKTUR LANTAI III,m2,370.895,186423.6,69143581.12,1.4478
Pas. Homogeneus Tile 60x60 cm lantai toilet (Un Polish)  (Pekerjaan Lantai Dan Dinding Keramik Lt. III),V. PEKERJAAN LANTAI III,B. PEKERJAAN ARSITEKTUR LANTAI III,m2,30.06,189449.975,5694866.249,0.1192
Pas. Homogeneus Tile 60x60 cm lantai kamar mandi (Un Polish) (Pekerjaan Lantai Dan Dinding Keramik Lt. III),V. PEKERJAAN LANTAI III,B. PEKERJAAN ARSITEKTUR LANTAI III,m2,18.48,189449.975,3501035.538,0.0733
Pas. Plint granit 10x60 cm (Polish) (Pekerjaan Lantai Dan Dinding Keramik Lt. III),V. PEKERJAAN LANTAI III,B. PEKERJAAN ARSITEKTUR LANTAI III,m',165.6,43070.8025,7132524.894,0.1494
Pas. Homogeneus Tile 30x60 cm dinding kamar mandi (Polish) (Pekerjaan Lantai Dan Dinding Keramik Lt. III),V. PEKERJAAN LANTAI III,B. PEKERJAAN ARSITEKTUR LANTAI III,m2,61.452,219454.0425,13485889.82,0.2824
Pas. Homogeneus Tile 60x60 cm Meja wastafel (Polish) (Pekerjaan Lantai Dan Dinding Keramik Lt. III),V. PEKERJAAN LANTAI III,B. PEKERJAAN ARSITEKTUR LANTAI III,m2,1.58,186423.6,294549.288,0.0062
Pas. Homogeneus Tile 30x60 cm dinding wastafel (Polish) (Pekerjaan Lantai Dan Dinding Keramik Lt. III),V. PEKERJAAN LANTAI III,B. PEKERJAAN ARSITEKTUR LANTAI III,m2,17.46,219454.0425,3831667.582,0.0802
 Pek. Plafond Gybsum Board 9 mm Rangka Hollow 4/4 dan 2/4 (Pekerjaan Plafond Lt. III),V. PEKERJAAN LANTAI III,B. PEKERJAAN ARSITEKTUR LANTAI III,m2,439.155,89867.91,39465942.02,0.8264
Pas. Lis Profil 10 cm (Pekerjaan Plafond Lt. III),V. PEKERJAAN LANTAI III,B. PEKERJAAN ARSITEKTUR LANTAI III,m1,253.34,29432.7,7456480.218,0.1561
Kusen + Pintu type P2  (steel door) (Pekerjaan Pasangan Kusen Pintu Dan Jendela Lt. III),V. PEKERJAAN LANTAI III,B. PEKERJAAN ARSITEKTUR LANTAI III,Unit,4,4970000,19880000,0.4163
Kusen + Pintu type P3  (steel door) (Pekerjaan Pasangan Kusen Pintu Dan Jendela Lt. III),V. PEKERJAAN LANTAI III,B. PEKERJAAN ARSITEKTUR LANTAI III,Unit,6,3550000,21300000,0.4460
Kusen + Pintu type P4  (steel door) (Pekerjaan Pasangan Kusen Pintu Dan Jendela Lt. III),V. PEKERJAAN LANTAI III,B. PEKERJAAN ARSITEKTUR LANTAI III,Unit,2,1952500,3905000,0.0818
Kusen + Jendela J1 (aluminium warna putih) (Pekerjaan Pasangan Kusen Pintu Dan Jendela Lt. III),V. PEKERJAAN LANTAI III,B. PEKERJAAN ARSITEKTUR LANTAI III,Unit,12,2390131.313,28681575.76,0.6006
Kusen + Jendela J2 (aluminium warna putih) (Pekerjaan Pasangan Kusen Pintu Dan Jendela Lt. III),V. PEKERJAAN LANTAI III,B. PEKERJAAN ARSITEKTUR LANTAI III,Unit,2,2743483.687,5486967.374,0.1149
Kusen + Glassblok J3 (aluminium warna putih) (Pekerjaan Pasangan Kusen Pintu Dan Jendela Lt. III),V. PEKERJAAN LANTAI III,B. PEKERJAAN ARSITEKTUR LANTAI III,Unit,2,490543.1401,981086.2802,0.0205
Kusen BV1 (aluminium warna putih) (Pekerjaan Pasangan Kusen Pintu Dan Jendela Lt. III),V. PEKERJAAN LANTAI III,B. PEKERJAAN ARSITEKTUR LANTAI III,Unit,8,260071.998,2080575.984,0.0436
Kusen BV2 (aluminium warna putih) (Pekerjaan Pasangan Kusen Pintu Dan Jendela Lt. III),V. PEKERJAAN LANTAI III,B. PEKERJAAN ARSITEKTUR LANTAI III,Unit,2,468824.5977,937649.1954,0.0196
"Pas. Kloset Jongkok (Pekerjaan Air Bersih dan Air Kotor, Buangan dan Vent Lt. III)",V. PEKERJAAN LANTAI III,C. PEKERJAAN ELEKTRIKAL LANTAI III,bh,6,535264.4,3211586.4,0.0672
"Pas.  Wastafel  (Pekerjaan Air Bersih dan Air Kotor, Buangan dan Vent Lt. III)",V. PEKERJAAN LANTAI III,C. PEKERJAAN ELEKTRIKAL LANTAI III,bh,4,976685.6,3906742.4,0.0818
"Pas. Floordrain 3"" Stainles Steel (Pekerjaan Air Bersih dan Air Kotor, Buangan dan Vent Lt. III)",V. PEKERJAAN LANTAI III,C. PEKERJAAN ELEKTRIKAL LANTAI III,bh,6,60555,363330,0.0076
"Pas. Kran air 1/2"" Stainles Steel (Pekerjaan Air Bersih dan Air Kotor, Buangan dan Vent Lt. III)",V. PEKERJAAN LANTAI III,C. PEKERJAAN ELEKTRIKAL LANTAI III,bh,12,71000,852000,0.0178
"Pas. Kran Wastafel  (Pekerjaan Air Bersih dan Air Kotor, Buangan dan Vent Lt. III)",V. PEKERJAAN LANTAI III,C. PEKERJAAN ELEKTRIKAL LANTAI III,bh,4,106500,426000,0.0089
"Inst. Air Bersih (PVC.3/4 "") + acc. (Pekerjaan Air Bersih dan Air Kotor, Buangan dan Vent Lt. III)",V. PEKERJAAN LANTAI III,C. PEKERJAAN ELEKTRIKAL LANTAI III,m1,45,19938.63438,897238.5469,0.0188
"Inst. Air Bersih (PVC.1 "") + acc. (Pekerjaan Air Bersih dan Air Kotor, Buangan dan Vent Lt. III)",V. PEKERJAAN LANTAI III,C. PEKERJAAN ELEKTRIKAL LANTAI III,m1,25,22520.81563,563020.3906,0.0118
"Inst. Air Buangan (PVC. 3"" ) + acc. (Pekerjaan Air Bersih dan Air Kotor, Buangan dan Vent Lt. III)",V. PEKERJAAN LANTAI III,C. PEKERJAAN ELEKTRIKAL LANTAI III,m1,40,52870.74375,2114829.75,0.0443
"Inst. Pipa Buangan air padat (PVC. 4"" ) + acc. (Pekerjaan Air Bersih dan Air Kotor, Buangan dan Vent Lt. III)",V. PEKERJAAN LANTAI III,C. PEKERJAAN ELEKTRIKAL LANTAI III,m1,35,109678.7313,3838755.594,0.0804
"Timba (kamar mandi) (Pekerjaan Air Bersih dan Air Kotor, Buangan dan Vent Lt. III)",V. PEKERJAAN LANTAI III,C. PEKERJAAN ELEKTRIKAL LANTAI III,bh,6,130000,780000,0.0163
"Kaca cermin uk. 80 x 160 cm (Pekerjaan Air Bersih dan Air Kotor, Buangan dan Vent Lt. III)",V. PEKERJAAN LANTAI III,C. PEKERJAAN ELEKTRIKAL LANTAI III,bh,2,200000,400000,0.0084
Panel Lantai 3 ( PP - 3A ) (Pekerjaan Elektrikal Lt. III),V. PEKERJAAN LANTAI III,C. PEKERJAAN ELEKTRIKAL LANTAI III,unit',1,4000000,4000000,0.0838
Kabel dari  Panel utama  ke panel ( PP - 3A ) lantai 3  (Pekerjaan Elektrikal Lt. III),V. PEKERJAAN LANTAI III,C. PEKERJAAN ELEKTRIKAL LANTAI III,mtr,15,45000,675000,0.0141
Lampu I RM 300 LED   2 x 18 Watt (Pekerjaan Elektrikal Lt. III),V. PEKERJAAN LANTAI III,C. PEKERJAAN ELEKTRIKAL LANTAI III,bh,24,382744.15,9185859.6,0.1923
Lampu Down Light RD 100 LED 10 Watt (Pekerjaan Elektrikal Lt. III),V. PEKERJAAN LANTAI III,C. PEKERJAAN ELEKTRIKAL LANTAI III,bh,28,210244.15,5886836.2,0.1233
Saklar Tunggal (Pekerjaan Elektrikal Lt. III),V. PEKERJAAN LANTAI III,C. PEKERJAAN ELEKTRIKAL LANTAI III,bh,6,60602.85,363617.1,0.0076
Saklar Ganda (Pekerjaan Elektrikal Lt. III),V. PEKERJAAN LANTAI III,C. PEKERJAAN ELEKTRIKAL LANTAI III,bh,9,64507.85,580570.65,0.0122
Stop Kontak (Pekerjaan Elektrikal Lt. III),V. PEKERJAAN LANTAI III,C. PEKERJAAN ELEKTRIKAL LANTAI III,bh,22,61383.85,1350444.7,0.0283
Stop Kontak AC (Pekerjaan Elektrikal Lt. III),V. PEKERJAAN LANTAI III,C. PEKERJAAN ELEKTRIKAL LANTAI III,bh,8,61383.85,491070.8,0.0103
"Instalasi Kabel NYM 3 x 2,5 mm²  Lampu, dalam pipa  (Pekerjaan Elektrikal Lt. III)",V. PEKERJAAN LANTAI III,C. PEKERJAAN ELEKTRIKAL LANTAI III,titik,52,164355.95,8546509.4,0.1790
"Instalasi Kabel NYM 3 x 2,5 mm²  Stop Kontak, dalam pipa (Pekerjaan Elektrikal Lt. III)",V. PEKERJAAN LANTAI III,C. PEKERJAAN ELEKTRIKAL LANTAI III,titik,22,194619.7,4281633.4,0.0897
"Instalasi Kabel NYM 3 x 4 mm²  Stop Kontak AC, dalam pipa (Pekerjaan Elektrikal Lt. III)",V. PEKERJAAN LANTAI III,C. PEKERJAAN ELEKTRIKAL LANTAI III,titik,8,261785.7,2094285.6,0.0439
Pas. Atap Bajaringan  tebal 1 mm jarak kuda kuda 1 mtr (Pekerjaan Atap),VI. PEKERJAAN LANTAI DAK ATAP,A. PEKERJAAN ATAP Elv. 12.00,m2,367.1274,142000,52132090.8,1.0916
Pasang Atap Bitumen Setara Onduvilla (106 x 40) cm  (Pekerjaan Atap),VI. PEKERJAAN LANTAI DAK ATAP,A. PEKERJAAN ATAP Elv. 12.00,m2,432.3285,172426.815,74545026.29,1.5609
Pas. Nok tengah Bitumen Setara Onduvilla (Pekerjaan Atap),VI. PEKERJAAN LANTAI DAK ATAP,A. PEKERJAAN ATAP Elv. 12.00,m',37,127397.6,4713711.2,0.0987
Pas. Nok Samping Bitumen Setara Onduvilla (kanan & kiri tandon) (Pekerjaan Atap),VI. PEKERJAAN LANTAI DAK ATAP,A. PEKERJAAN ATAP Elv. 12.00,m',5.74,96913.0602,556280.9655,0.0116
Pas. woodplank 20 cm (Pekerjaan Atap),VI. PEKERJAAN LANTAI DAK ATAP,A. PEKERJAAN ATAP Elv. 12.00,m',79.69,61545.33,4904547.348,0.1027
Water Proofing coating (Pekerjaan Atap),VI. PEKERJAAN LANTAI DAK ATAP,A. PEKERJAAN ATAP Elv. 12.00,m2,138.79,70588.628,9796995.68,0.2051
Bekisting (Kolom K1 40x40 cm Elv.12.00),VI. PEKERJAAN LANTAI DAK ATAP,B. PEKERJAAN STRUKTUR Elv. 12.00 s/d 15.50,m2,74.56,186029.8,13870381.89,0.2904
Pembesian (besi ulir) (Kolom K1 40x40 cm Elv.12.00),VI. PEKERJAAN LANTAI DAK ATAP,B. PEKERJAAN STRUKTUR Elv. 12.00 s/d 15.50,kg,883.536,11629.2,10274816.85,0.2151
Pembesian (besi polos) (Kolom K1 40x40 cm Elv.12.00),VI. PEKERJAAN LANTAI DAK ATAP,B. PEKERJAAN STRUKTUR Elv. 12.00 s/d 15.50,kg,175.682,11196.075,1966948.848,0.0412
Cor Beton K.250 (Kolom K1 40x40 cm Elv.12.00),VI. PEKERJAAN LANTAI DAK ATAP,B. PEKERJAAN STRUKTUR Elv. 12.00 s/d 15.50,m3,7.456,973704.9972,7259944.459,0.1520
Bekisting (Kolom K2 15x25 cm Elv.12.00),VI. PEKERJAAN LANTAI DAK ATAP,B. PEKERJAAN STRUKTUR Elv. 12.00 s/d 15.50,m2,1.75,186029.8,325552.15,0.0068
Pembesian (besi polos) (Kolom K2 15x25 cm Elv.12.00),VI. PEKERJAAN LANTAI DAK ATAP,B. PEKERJAAN STRUKTUR Elv. 12.00 s/d 15.50,kg,24.605,11196.075,275479.4254,0.0058
Cor Beton K.250 (Kolom K2 15x25 cm Elv.12.00),VI. PEKERJAAN LANTAI DAK ATAP,B. PEKERJAAN STRUKTUR Elv. 12.00 s/d 15.50,m3,0.13125,973704.9972,127798.7809,0.0027
"Bekisting (Balok BR 15x20 cm Elv.13.00, Elv.14,65, Elv.15.50 & Ring gewel)",VI. PEKERJAAN LANTAI DAK ATAP,B. PEKERJAAN STRUKTUR Elv. 12.00 s/d 15.50,m2,45.784,189371.05,8670164.153,0.1815
"Pembesian (besi polos) (Balok BR 15x20 cm Elv.13.00, Elv.14,65, Elv.15.50 & Ring gewel)",VI. PEKERJAAN LANTAI DAK ATAP,B. PEKERJAAN STRUKTUR Elv. 12.00 s/d 15.50,kg,589.469,11196.075,6599739.134,0.1382
"Cor Beton K.250 (Balok BR 15x20 cm Elv.13.00, Elv.14,65, Elv.15.50 & Ring gewel)",VI. PEKERJAAN LANTAI DAK ATAP,B. PEKERJAAN STRUKTUR Elv. 12.00 s/d 15.50,m3,3.4338,861922.1417,2959668.25,0.0620
"Pasangan Bata Ringan, uk. 60 x 20 x 10 cm (Pekerjaan Pasangan Dinding Elv. 12.00)",VI. PEKERJAAN LANTAI DAK ATAP,C. PEKERJAAN ARSITEKTUR Elv. 12.00,m2,260.9072,128190.4946,33445823.01,0.7003
Plesteran Dinding Hebel/Celcon dng Mortar Instan t = 10 mm  (Pekerjaan Pasangan Dinding Elv. 12.00),VI. PEKERJAAN LANTAI DAK ATAP,C. PEKERJAAN ARSITEKTUR Elv. 12.00,m2,521.8144,59438.236,31015727.46,0.6495
Acian dinding (Pekerjaan Pasangan Dinding Elv. 12.00),VI. PEKERJAAN LANTAI DAK ATAP,C. PEKERJAAN ARSITEKTUR Elv. 12.00,m2,521.8144,35879.8,18722596.31,0.3920
Pas.kolom praktis (Pekerjaan Pasangan Dinding Elv. 12.00),VI. PEKERJAAN LANTAI DAK ATAP,C. PEKERJAAN ARSITEKTUR Elv. 12.00,m1,9.3,69945.645,650494.4985,0.0136
Pengecatan Dinding luar (Pekerjaan Pengecatan Elv. 12.00),VI. PEKERJAAN LANTAI DAK ATAP,C. PEKERJAAN ARSITEKTUR Elv. 12.00,m2,273.133625,39679.75,10837873.96,0.2269
"Inst.Pipa saluran drainase atap (PVC AW. 3"")+acc. (Pekerjaan Air Bersih dan Air Kotor, Buangan dan Vent)",VII.,PEKERJAAN MEKANIKAL,m1,416,52870.74375,21994229.4,0.4605
Pekerjaan Fasad Luar Alumunium Composi Panel (ACP) upah+bahan,VIII.,PEKERJAAN FASAD,m2,994.7231,657647.0199,654176682.3,13.6981
Pekerjaan Ornamen Cutting Laser  (ACP) upah+bahan,VIII.,PEKERJAAN FASAD,m2,262.547,789176.4238,207195902.5,4.3386
Pas. Logo kemenag 180 x 185 cm,IX.,PEKERJAAN LAIN-LAIN,bh,1,2000000,2000000,0.0419
Pas. Logo MAN 4 Jombang 180 x 185 cm,IX.,PEKERJAAN LAIN-LAIN,bh,1,2000000,2000000,0.0419
Pas.signage Huruf,IX.,PEKERJAAN LAIN-LAIN,ls,1,7000000,7000000,0.1466
Plat bordes tebal 2 mm rangka besi siku (akses ke tandon),IX.,PEKERJAAN LAIN-LAIN,bh,2,400000,800000,0.0168
Pas. Sunscreen besi hollow 4/6 cm (terpasang jadi),IX.,PEKERJAAN LAIN-LAIN,m2,39,150000,5850000,0.1225
Pembersihan akhir,IX.,PEKERJAAN LAIN-LAIN,ls,1,1000000,1000000,0.0209
Pembuatan Kartu Identitas Pekerja (Penyiapan RK3K :),X.,BIAYA KESEHATAN DAN KESELAMATAN KERJA (K3),set,30,5000,150000,0.0031
"Pengarahan K3 (Sosialisasi, Promosi, dan Pelatihan :)",X.,BIAYA KESEHATAN DAN KESELAMATAN KERJA (K3),ls,1,350000,350000,0.0073
"Spanduk (banner) (Sosialisasi, Promosi, dan Pelatihan :)",X.,BIAYA KESEHATAN DAN KESELAMATAN KERJA (K3),lbr,1,150000,150000,0.0031
"Papan Informasi K3 (Sosialisasi, Promosi, dan Pelatihan :)",X.,BIAYA KESEHATAN DAN KESELAMATAN KERJA (K3),bh,1,120000,120000,0.0025
Terpal pelindung bangunan lama (Alat pelindung kerja :),X.,BIAYA KESEHATAN DAN KESELAMATAN KERJA (K3),m',40,11000,440000,0.0092
Topi pelindung ( safety helmet ) (Pelindung Diri :),X.,BIAYA KESEHATAN DAN KESELAMATAN KERJA (K3),bh,30,30000,900000,0.0188
"Pelindung mata ( Goggles,spectacles ) (Pelindung Diri :)",X.,BIAYA KESEHATAN DAN KESELAMATAN KERJA (K3),bh,10,40000,400000,0.0084
Tameng muka (Pelindung Diri :),X.,BIAYA KESEHATAN DAN KESELAMATAN KERJA (K3),bh,10,50000,500000,0.0105
Pelindung telinga (Pelindung Diri :),X.,BIAYA KESEHATAN DAN KESELAMATAN KERJA (K3),bh,10,50000,500000,0.0105
Pelindung pernafasan dan mulut (Pelindung Diri :),X.,BIAYA KESEHATAN DAN KESELAMATAN KERJA (K3),bh,30,6000,180000,0.0038
Sarung tangan (Pelindung Diri :),X.,BIAYA KESEHATAN DAN KESELAMATAN KERJA (K3),psg,30,4500,135000,0.0028
Sepatu keselamatan (Pelindung Diri :),X.,BIAYA KESEHATAN DAN KESELAMATAN KERJA (K3),psg,30,90000,2700000,0.0565
Penunjang seluruh tubuh (Pelindung Diri :),X.,BIAYA KESEHATAN DAN KESELAMATAN KERJA (K3),bh,30,100000,3000000,0.0628
Rompi keselamatan (Pelindung Diri :),X.,BIAYA KESEHATAN DAN KESELAMATAN KERJA (K3),bh,30,17500,525000,0.0110
BPJS Ketenagakerjaan dan Kesehatan Kerja (Asuransi dan Perijinan :),X.,BIAYA KESEHATAN DAN KESELAMATAN KERJA (K3),ls,1,4250000,4250000,0.0890
Personil K3 Kontruksi,X.,BIAYA KESEHATAN DAN KESELAMATAN KERJA (K3),org,1,3000000,3000000,0.0628
"Peralatan K3K ( Kotak P3K,obat luka,perban ) (Fasilitas, Sarana, dan Prasarana Kesehatan)",X.,BIAYA KESEHATAN DAN KESELAMATAN KERJA (K3),ls,1,200000,200000,0.0042
Rambu petunjuk (Rambu - Rambu),X.,BIAYA KESEHATAN DAN KESELAMATAN KERJA (K3),bh,1,65000,65000,0.0014
Rambu larangan (Rambu - Rambu),X.,BIAYA KESEHATAN DAN KESELAMATAN KERJA (K3),bh,2,65000,130000,0.0027
Rambu peringatan (Rambu - Rambu),X.,BIAYA KESEHATAN DAN KESELAMATAN KERJA (K3),bh,2,65000,130000,0.0027
Rambu kewajiban (Rambu - Rambu),X.,BIAYA KESEHATAN DAN KESELAMATAN KERJA (K3),bh,1,65000,65000,0.0014
Rambu informasi (Rambu - Rambu),X.,BIAYA KESEHATAN DAN KESELAMATAN KERJA (K3),bh,1,65000,65000,0.0014
MAT   Pemadam api ringan ( apar ) (Lain - lain terkait pengendali resiko K3),X.,BIAYA KESEHATAN DAN KESELAMATAN KERJA (K3),bh,1,750000,750000,0.0157
"Sosialisasi, Promosi, dan Pelatihan",XI.,BIAYA PROTOKOL KESEHATAN PENCEGAHAN COVID-19,ls,1,250000,250000,0.0052
hand sanitizer (Alat Pelindung Diri (APD)),XI.,BIAYA PROTOKOL KESEHATAN PENCEGAHAN COVID-19,ls,1,100000,100000,0.0021
Perangkat cuci tangan (Alat Pelindung Diri (APD)),XI.,BIAYA PROTOKOL KESEHATAN PENCEGAHAN COVID-19,set,2,650000,1300000,0.0272
Thermogun (Alat Pelindung Diri (APD)),XI.,BIAYA PROTOKOL KESEHATAN PENCEGAHAN COVID-19,bh,2,1250000,2500000,0.0523
Handscoon (sarung tangan) (Alat Pelindung Diri (APD)),XI.,BIAYA PROTOKOL KESEHATAN PENCEGAHAN COVID-19,psg,10,3500,35000,0.0007
Pelindung pernafasan dan mulut (masker) (Alat Pelindung Diri (APD)),XI.,BIAYA PROTOKOL KESEHATAN PENCEGAHAN COVID-19,bh,10,6000,60000,0.0013
face shield (Alat Pelindung Diri (APD)),XI.,BIAYA PROTOKOL KESEHATAN PENCEGAHAN COVID-19,bh,10,20000,200000,0.0042